{"objects":[{"x":233.33333333333334,"y":-200,"width":33.333333333333336,"height":33.333333333333336,"tags":{"obstacle":true,"monster":false,"coin":false,"powerup":false,"once":false,"deleteAfterPowerup":false},"id":"object1584247426111","heroUpdate":{},"velocityY":0,"velocityX":0,"accY":0,"accX":0},{"x":333.33333333333337,"y":-200,"width":33.333333333333336,"height":33.333333333333336,"tags":{"obstacle":true,"monster":false,"coin":false,"powerup":false,"once":false,"deleteAfterPowerup":false},"id":"object1584247426503","heroUpdate":{},"velocityY":0,"velocityX":0,"accY":0,"accX":0},{"x":100,"y":-200,"width":33.333333333333336,"height":33.333333333333336,"tags":{"obstacle":true,"monster":false,"coin":false,"powerup":false,"once":false,"deleteAfterPowerup":false},"id":"object1584247427072","heroUpdate":{},"velocityY":0,"velocityX":0,"accY":0,"accX":0},{"x":166.66666666666669,"y":-166.66666666666669,"width":33.333333333333336,"height":33.333333333333336,"tags":{"obstacle":true,"monster":false,"coin":false,"powerup":false,"once":false,"deleteAfterPowerup":false},"id":"object1584247427778","heroUpdate":{},"velocityY":0,"velocityX":0,"accY":0,"accX":0}],"heros":{"hero-1584219182791":{"width":33.333333333333336,"height":33.333333333333336,"paused":false,"id":"hero-1584219182791","velocityX":-26.25,"velocityY":9.75,"velocityMax":500,"accY":0,"accX":0,"accDecayX":0,"accDecayY":0,"speed":250,"arrowKeysBehavior":"velocity","jumpVelocity":-400,"spawnPointX":1276.6666666666667,"spawnPointY":1866.6666666666667,"gravity":false,"tags":{"hero":true},"zoomMultiplier":1,"x":1357.3333333333335,"y":1913.9889166664636,"reachablePlatformHeight":-79.99999999999999,"reachablePlatformWidth":200,"onGround":false,"lastPowerUpId":null,"zoomMultiplierTarget":null}},"preferences":{"worldSpawnPointX":232.33333333333348,"worldSpawnPointY":-184.13741666690197},"grid":[],"gridNodeSize":0,"gridSize":0}